"PSI","Species A","Species B"
"0.08","PWA76498.1","sp|Q41594|TASY_TAXBR"
"0.08","Ptrichocarpa_v4.1||Potri.019G023002.1","sp|Q41594|TASY_TAXBR"
"0.09","Mdomestica_v1.0||MDP0000152278","sp|Q41594|TASY_TAXBR"
"0.09","Osativa_v7.0||LOC_Os11g28500.1","sp|Q41594|TASY_TAXBR"
"0.09","PWA75544.1","sp|Q41594|TASY_TAXBR"
"0.09","Sbicolor_v3.1.1||Sobic.005G130500.1","sp|Q41594|TASY_TAXBR"
"0.09","Zmays_RefGen_V4||Zm00001d024667_T002","sp|Q41594|TASY_TAXBR"
"0.10","Athaliana_TAIR10||AT2G37140.1","sp|Q41594|TASY_TAXBR"
"0.10","Atrichopoda_v1.0||evm_27.model.AmTr_v1.0_scaffold00033.267","sp|Q41594|TASY_TAXBR"
"0.11","Csinensis_v1.1||orange1.1g041361m","sp|Q41594|TASY_TAXBR"
"0.11","GWHPAOSJ017234","sp|Q41594|TASY_TAXBR"
"0.11","Gmax_Wm82.a4.v1||Glyma.U032900.3","sp|Q41594|TASY_TAXBR"
"0.11","Mdomestica_v1.0||MDP0000885704","sp|Q41594|TASY_TAXBR"
"0.11","Sbicolor_v3.1.1||Sobic.002G065500.2","sp|Q41594|TASY_TAXBR"
"0.11","Slycopersicum_ITAG3.2||Solyc01g105910.2.1","sp|Q41594|TASY_TAXBR"
"0.11","Spolyrhiza_v2||Spipo7G0008500","sp|Q41594|TASY_TAXBR"
"0.11","Zmays_RefGen_V4||Zm00001d024479_T001","sp|Q41594|TASY_TAXBR"
"0.12","Mdomestica_v1.0||MDP0000309477","sp|Q41594|TASY_TAXBR"
"0.12","Mdomestica_v1.0||MDP0000311361","sp|Q41594|TASY_TAXBR"
"0.12","Mdomestica_v1.0||MDP0000522972","sp|Q41594|TASY_TAXBR"
"0.12","Mdomestica_v1.0||MDP0000846375","sp|Q41594|TASY_TAXBR"
"0.12","Mdomestica_v1.0||MDP0000921584","sp|Q41594|TASY_TAXBR"
"0.12","Osativa_v7.0||LOC_Os04g27470.1","sp|Q41594|TASY_TAXBR"
"0.12","PWA35414.1","sp|Q41594|TASY_TAXBR"
"0.12","PWA61632.1","sp|Q41594|TASY_TAXBR"
"0.12","PWA74569.1","sp|Q41594|TASY_TAXBR"
"0.12","PWA83845.1","sp|Q41594|TASY_TAXBR"
"0.12","Slycopersicum_ITAG3.2||Solyc01g105930.1.1","sp|Q41594|TASY_TAXBR"
"0.13","Gmax_Wm82.a4.v1||Glyma.20G248302.1","sp|Q41594|TASY_TAXBR"
"0.13","Mdomestica_v1.0||MDP0000236236","sp|Q41594|TASY_TAXBR"
"0.13","Osativa_v7.0||LOC_Os11g28490.1","sp|Q41594|TASY_TAXBR"
"0.13","PWA41838.1","sp|Q41594|TASY_TAXBR"
"0.13","PWA52002.1","sp|Q41594|TASY_TAXBR"
"0.13","PWA58006.1","sp|Q41594|TASY_TAXBR"
"0.13","Slycopersicum_ITAG3.2||Solyc01g105950.3.1","sp|Q41594|TASY_TAXBR"
"0.13","Slycopersicum_ITAG3.2||Solyc02g079895.1.1","sp|Q41594|TASY_TAXBR"
"0.13","Slycopersicum_ITAG3.2||Solyc06g060013.1.1","sp|Q41594|TASY_TAXBR"
"0.13","Slycopersicum_ITAG3.2||Solyc10g005420.1.1","sp|Q41594|TASY_TAXBR"
"0.14","Csinensis_v1.1||orange1.1g028006m","sp|Q41594|TASY_TAXBR"
"0.14","Csinensis_v1.1||orange1.1g040645m","sp|Q41594|TASY_TAXBR"
"0.14","Csinensis_v1.1||orange1.1g044570m","sp|Q41594|TASY_TAXBR"
"0.14","Mdomestica_v1.0||MDP0000121746","sp|Q41594|TASY_TAXBR"
"0.14","Mdomestica_v1.0||MDP0000562091","sp|Q41594|TASY_TAXBR"
"0.14","Mdomestica_v1.0||MDP0000720799","sp|Q41594|TASY_TAXBR"
"0.14","Mdomestica_v1.0||MDP0000919962","sp|Q41594|TASY_TAXBR"
"0.14","Osativa_v7.0||LOC_Os02g36285.1","sp|Q41594|TASY_TAXBR"
"0.14","PWA35899.1","sp|Q41594|TASY_TAXBR"
"0.14","PWA45920.1","sp|Q41594|TASY_TAXBR"
"0.14","PWA95976.1","sp|Q41594|TASY_TAXBR"
"0.14","Ptrichocarpa_v4.1||Potri.019G016118.1","sp|Q41594|TASY_TAXBR"
"0.14","Sbicolor_v3.1.1||Sobic.004G019550.1","sp|Q41594|TASY_TAXBR"
"0.14","Slycopersicum_ITAG3.2||Solyc03g112175.1.1","sp|Q41594|TASY_TAXBR"
"0.14","Spolyrhiza_v2||Spipo7G0008100","sp|Q41594|TASY_TAXBR"
"0.14","Spolyrhiza_v2||Spipo7G0014800","sp|Q41594|TASY_TAXBR"
"0.15","Atrichopoda_v1.0||evm_27.model.AmTr_v1.0_scaffold00043.49","sp|Q41594|TASY_TAXBR"
"0.15","Atrichopoda_v1.0||evm_27.model.AmTr_v1.0_scaffold00352.1","sp|Q41594|TASY_TAXBR"
"0.15","Bdistachyon_v3.1||Bradi3g02125.1","sp|Q41594|TASY_TAXBR"
"0.15","Csinensis_v1.1||orange1.1g025080m","sp|Q41594|TASY_TAXBR"
"0.15","Csinensis_v1.1||orange1.1g038158m","sp|Q41594|TASY_TAXBR"
"0.15","GWHPAOSJ010808","sp|Q41594|TASY_TAXBR"
"0.15","Gmax_Wm82.a4.v1||Glyma.08G061600.2","sp|Q41594|TASY_TAXBR"
"0.15","Gmax_Wm82.a4.v1||Glyma.12G179450.1","sp|Q41594|TASY_TAXBR"
"0.15","Gmax_Wm82.a4.v1||Glyma.13G304800.1","sp|Q41594|TASY_TAXBR"
"0.15","Mdomestica_v1.0||MDP0000281986","sp|Q41594|TASY_TAXBR"
"0.15","Mdomestica_v1.0||MDP0000283927","sp|Q41594|TASY_TAXBR"
"0.15","Mdomestica_v1.0||MDP0000441513","sp|Q41594|TASY_TAXBR"
"0.15","Mdomestica_v1.0||MDP0000918876","sp|Q41594|TASY_TAXBR"
"0.15","Osativa_v7.0||LOC_Os04g27480.1","sp|Q41594|TASY_TAXBR"
"0.15","Osativa_v7.0||LOC_Os05g16980.1","sp|Q41594|TASY_TAXBR"
"0.15","Osativa_v7.0||LOC_Os12g30800.1","sp|Q41594|TASY_TAXBR"
"0.15","PWA31106.1","sp|Q41594|TASY_TAXBR"
"0.15","PWA36424.1","sp|Q41594|TASY_TAXBR"
"0.15","PWA42523.1","sp|Q41594|TASY_TAXBR"
"0.15","PWA59671.1","sp|Q41594|TASY_TAXBR"
"0.15","PWA62882.1","sp|Q41594|TASY_TAXBR"
"0.15","PWA76834.1","sp|Q41594|TASY_TAXBR"
"0.15","PWA82390.1","sp|Q41594|TASY_TAXBR"
"0.15","Ptrichocarpa_v4.1||Potri.019G023018.1","sp|Q41594|TASY_TAXBR"
"0.15","Slycopersicum_ITAG3.2||Solyc07g008680.3.1","sp|Q41594|TASY_TAXBR"
"0.15","Slycopersicum_ITAG3.2||Solyc07g052120.3.1","sp|Q41594|TASY_TAXBR"
"0.15","Spolyrhiza_v2||Spipo0G0063600","sp|Q41594|TASY_TAXBR"
"0.15","Zmays_RefGen_V4||Zm00001d024480_T001","sp|Q41594|TASY_TAXBR"
"0.16","Csinensis_v1.1||orange1.1g041958m","sp|Q41594|TASY_TAXBR"
"0.16","Csinensis_v1.1||orange1.1g044478m","sp|Q41594|TASY_TAXBR"
"0.16","Csinensis_v1.1||orange1.1g045169m","sp|Q41594|TASY_TAXBR"
"0.16","Gmax_Wm82.a4.v1||Glyma.19G156800.1","sp|Q41594|TASY_TAXBR"
"0.16","Mdomestica_v1.0||MDP0000580210","sp|Q41594|TASY_TAXBR"
"0.16","Osativa_v7.0||LOC_Os03g24650.1","sp|Q41594|TASY_TAXBR"
"0.16","Osativa_v7.0||LOC_Os03g24710.1","sp|Q41594|TASY_TAXBR"
"0.16","Osativa_v7.0||LOC_Os03g24720.1","sp|Q41594|TASY_TAXBR"
"0.16","Osativa_v7.0||LOC_Os04g27670.1","sp|Q41594|TASY_TAXBR"
"0.16","PWA35708.1","sp|Q41594|TASY_TAXBR"
"0.16","PWA72458.1","sp|Q41594|TASY_TAXBR"
"0.16","PWA90545.1","sp|Q41594|TASY_TAXBR"
"0.16","PWA93383.1","sp|Q41594|TASY_TAXBR"
"0.16","Slycopersicum_ITAG3.2||Solyc07g052135.1.1","sp|Q41594|TASY_TAXBR"
"0.16","Slycopersicum_ITAG3.2||Solyc08g005665.1.1","sp|Q41594|TASY_TAXBR"
"0.16","Spolyrhiza_v2||Spipo0G0063300","sp|Q41594|TASY_TAXBR"
"0.16","Spolyrhiza_v2||Spipo7G0008400","sp|Q41594|TASY_TAXBR"
"0.16","Zmays_RefGen_V4||Zm00001d053918_T001","sp|Q41594|TASY_TAXBR"
"0.17","Csinensis_v1.1||orange1.1g025046m","sp|Q41594|TASY_TAXBR"
"0.17","GWHPAOSJ017235","sp|Q41594|TASY_TAXBR"
"0.17","Gmax_Wm82.a4.v1||Glyma.12G138600.2","sp|Q41594|TASY_TAXBR"
"0.17","Mdomestica_v1.0||MDP0000185520","sp|Q41594|TASY_TAXBR"
"0.17","Mdomestica_v1.0||MDP0000269358","sp|Q41594|TASY_TAXBR"
"0.17","Mdomestica_v1.0||MDP0000470358","sp|Q41594|TASY_TAXBR"
"0.17","Mdomestica_v1.0||MDP0000735507","sp|Q41594|TASY_TAXBR"
"0.17","Mdomestica_v1.0||MDP0000746466","sp|Q41594|TASY_TAXBR"
"0.17","Osativa_v7.0||LOC_Os10g34790.1","sp|Q41594|TASY_TAXBR"
"0.17","PWA36467.1","sp|Q41594|TASY_TAXBR"
"0.17","PWA38952.1","sp|Q41594|TASY_TAXBR"
"0.17","PWA44915.1","sp|Q41594|TASY_TAXBR"
"0.17","PWA46854.1","sp|Q41594|TASY_TAXBR"
"0.17","PWA61897.1","sp|Q41594|TASY_TAXBR"
"0.17","PWA74739.1","sp|Q41594|TASY_TAXBR"
"0.17","Slycopersicum_ITAG3.2||Solyc05g026590.2.1","sp|Q41594|TASY_TAXBR"
"0.17","Slycopersicum_ITAG3.2||Solyc06g060010.3.1","sp|Q41594|TASY_TAXBR"
"0.17","Sphagnum_fallax||Sphfalx08G109800.1","sp|Q41594|TASY_TAXBR"
"0.18","Atrichopoda_v1.0||evm_27.model.AmTr_v1.0_scaffold00011.117","sp|Q41594|TASY_TAXBR"
"0.18","Atrichopoda_v1.0||evm_27.model.AmTr_v1.0_scaffold00033.270","sp|Q41594|TASY_TAXBR"
"0.18","Atrichopoda_v1.0||evm_27.model.AmTr_v1.0_scaffold00035.30","sp|Q41594|TASY_TAXBR"
"0.18","Atrichopoda_v1.0||evm_27.model.AmTr_v1.0_scaffold00203.17","sp|Q41594|TASY_TAXBR"
"0.18","Bdistachyon_v3.1||Bradi1g49245.2","sp|Q41594|TASY_TAXBR"
"0.18","Bdistachyon_v3.1||Bradi3g02130.1","sp|Q41594|TASY_TAXBR"
"0.18","Csinensis_v1.1||orange1.1g015245m","sp|Q41594|TASY_TAXBR"
"0.18","Csinensis_v1.1||orange1.1g024780m","sp|Q41594|TASY_TAXBR"
"0.18","Csinensis_v1.1||orange1.1g030682m","sp|Q41594|TASY_TAXBR"
"0.18","Csinensis_v1.1||orange1.1g032926m","sp|Q41594|TASY_TAXBR"
"0.18","Csinensis_v1.1||orange1.1g043649m","sp|Q41594|TASY_TAXBR"
"0.18","GWHPAOSJ023826","sp|Q41594|TASY_TAXBR"
"0.18","Mdomestica_v1.0||MDP0000233869","sp|Q41594|TASY_TAXBR"
"0.18","Mdomestica_v1.0||MDP0000256604","sp|Q41594|TASY_TAXBR"
"0.18","Mdomestica_v1.0||MDP0000262508","sp|Q41594|TASY_TAXBR"
"0.18","Mdomestica_v1.0||MDP0000293842","sp|Q41594|TASY_TAXBR"
"0.18","Mdomestica_v1.0||MDP0000605270","sp|Q41594|TASY_TAXBR"
"0.18","Osativa_v7.0||LOC_Os03g22620.1","sp|Q41594|TASY_TAXBR"
"0.18","Osativa_v7.0||LOC_Os05g17010.1","sp|Q41594|TASY_TAXBR"
"0.18","Osativa_v7.0||LOC_Os05g24500.1","sp|Q41594|TASY_TAXBR"
"0.18","PWA36188.1","sp|Q41594|TASY_TAXBR"
"0.18","PWA37709.1","sp|Q41594|TASY_TAXBR"
"0.18","PWA50632.1","sp|Q41594|TASY_TAXBR"
"0.18","PWA55198.1","sp|Q41594|TASY_TAXBR"
"0.18","PWA58034.1","sp|Q41594|TASY_TAXBR"
"0.18","PWA71765.1","sp|Q41594|TASY_TAXBR"
"0.18","PWA94533.1","sp|Q41594|TASY_TAXBR"
"0.18","Sbicolor_v3.1.1||Sobic.004G019000.1","sp|Q41594|TASY_TAXBR"
"0.18","Slycopersicum_ITAG3.2||Solyc00g154480.2.1","sp|Q41594|TASY_TAXBR"
"0.18","Slycopersicum_ITAG3.2||Solyc02g079910.2.1","sp|Q41594|TASY_TAXBR"
"0.18","Slycopersicum_ITAG3.2||Solyc07g066670.3.1","sp|Q41594|TASY_TAXBR"
"0.18","Zmays_RefGen_V4||Zm00001d024234_T001","sp|Q41594|TASY_TAXBR"
"0.18","Zmays_RefGen_V4||Zm00001d024359_T001","sp|Q41594|TASY_TAXBR"
"0.18","Zmays_RefGen_V4||Zm00001d024669_T001","sp|Q41594|TASY_TAXBR"
"0.19","Athaliana_TAIR10||AT1G48820.1","sp|Q41594|TASY_TAXBR"
"0.19","Athaliana_TAIR10||AT1G61680.1","sp|Q41594|TASY_TAXBR"
"0.19","Athaliana_TAIR10||AT3G32030.1","sp|Q41594|TASY_TAXBR"
"0.19","Athaliana_TAIR10||AT4G15870.1","sp|Q41594|TASY_TAXBR"
"0.19","Atrichopoda_v1.0||evm_27.model.AmTr_v1.0_scaffold00002.146","sp|Q41594|TASY_TAXBR"
"0.19","Atrichopoda_v1.0||evm_27.model.AmTr_v1.0_scaffold00003.313","sp|Q41594|TASY_TAXBR"
"0.19","Atrichopoda_v1.0||evm_27.model.AmTr_v1.0_scaffold00017.276","sp|Q41594|TASY_TAXBR"
"0.19","Atrichopoda_v1.0||evm_27.model.AmTr_v1.0_scaffold00203.20","sp|Q41594|TASY_TAXBR"
"0.19","Bdistachyon_v3.1||Bradi5g01766.3","sp|Q41594|TASY_TAXBR"
"0.19","Bdistachyon_v3.1||Bradi5g01797.2","sp|Q41594|TASY_TAXBR"
"0.19","Csinensis_v1.1||orange1.1g019916m","sp|Q41594|TASY_TAXBR"
"0.19","Csinensis_v1.1||orange1.1g021595m","sp|Q41594|TASY_TAXBR"
"0.19","Csinensis_v1.1||orange1.1g041642m","sp|Q41594|TASY_TAXBR"
"0.19","Csinensis_v1.1||orange1.1g043754m","sp|Q41594|TASY_TAXBR"
"0.19","GWHPAOSJ001540","sp|Q41594|TASY_TAXBR"
"0.19","GWHPAOSJ006816","sp|Q41594|TASY_TAXBR"
"0.19","GWHPAOSJ022352","sp|Q41594|TASY_TAXBR"
"0.19","Gmax_Wm82.a4.v1||Glyma.13G183600.3","sp|Q41594|TASY_TAXBR"
"0.19","Gmax_Wm82.a4.v1||Glyma.13G250400.1","sp|Q41594|TASY_TAXBR"
"0.19","Mdomestica_v1.0||MDP0000227868","sp|Q41594|TASY_TAXBR"
"0.19","Mdomestica_v1.0||MDP0000289229","sp|Q41594|TASY_TAXBR"
"0.19","Mdomestica_v1.0||MDP0000561715","sp|Q41594|TASY_TAXBR"
"0.19","Mdomestica_v1.0||MDP0000894066","sp|Q41594|TASY_TAXBR"
"0.19","Osativa_v7.0||LOC_Os01g42610.1","sp|Q41594|TASY_TAXBR"
"0.19","Osativa_v7.0||LOC_Os02g02930.1","sp|Q41594|TASY_TAXBR"
"0.19","Osativa_v7.0||LOC_Os04g26960.1","sp|Q41594|TASY_TAXBR"
"0.19","Osativa_v7.0||LOC_Os04g26980.1","sp|Q41594|TASY_TAXBR"
"0.19","Osativa_v7.0||LOC_Os04g27540.1","sp|Q41594|TASY_TAXBR"
"0.19","Osativa_v7.0||LOC_Os04g27720.1","sp|Q41594|TASY_TAXBR"
"0.19","PWA68853.1","sp|Q41594|TASY_TAXBR"
"0.19","PWA76613.1","sp|Q41594|TASY_TAXBR"
"0.19","PWA85172.1","sp|Q41594|TASY_TAXBR"
"0.19","PWA94099.1","sp|Q41594|TASY_TAXBR"
"0.19","PWA97886.1","sp|Q41594|TASY_TAXBR"
"0.19","Ptrichocarpa_v4.1||Potri.011G130666.1","sp|Q41594|TASY_TAXBR"
"0.19","Ptrichocarpa_v4.1||Potri.019G016116.1","sp|Q41594|TASY_TAXBR"
"0.19","Ptrichocarpa_v4.1||Potri.019G044900.2","sp|Q41594|TASY_TAXBR"
"0.19","Sbicolor_v3.1.1||Sobic.004G018900.1","sp|Q41594|TASY_TAXBR"
"0.19","Sbicolor_v3.1.1||Sobic.004G019100.1","sp|Q41594|TASY_TAXBR"
"0.19","Sbicolor_v3.1.1||Sobic.004G019300.1","sp|Q41594|TASY_TAXBR"
"0.19","Sbicolor_v3.1.1||Sobic.005G130400.1","sp|Q41594|TASY_TAXBR"
"0.19","Slycopersicum_ITAG3.2||Solyc06g059930.3.1","sp|Q41594|TASY_TAXBR"
"0.19","Taxus_chinensis||evm2.model.Chr03.2628","sp|Q41594|TASY_TAXBR"
"0.19","Zmays_RefGen_V4||Zm00001d002350_T001","sp|Q41594|TASY_TAXBR"
"0.19","Zmays_RefGen_V4||Zm00001d015054_T001","sp|Q41594|TASY_TAXBR"
"0.19","Zmays_RefGen_V4||Zm00001d032230_T001","sp|Q41594|TASY_TAXBR"
"0.19","Zmays_RefGen_V4||Zm00001d047440_T001","sp|Q41594|TASY_TAXBR"
"0.19","Zmays_RefGen_V4||Zm00001d048867_T001","sp|Q41594|TASY_TAXBR"
"0.19","Zmays_RefGen_V4||Zm00001d053916_T002","sp|Q41594|TASY_TAXBR"
"0.20","Athaliana_TAIR10||AT1G31950.1","sp|Q41594|TASY_TAXBR"
"0.20","Athaliana_TAIR10||AT1G48800.1","sp|Q41594|TASY_TAXBR"
"0.20","Athaliana_TAIR10||AT2G23230.1","sp|Q41594|TASY_TAXBR"
"0.20","Athaliana_TAIR10||AT3G14520.1","sp|Q41594|TASY_TAXBR"
"0.20","Athaliana_TAIR10||AT3G14540.1","sp|Q41594|TASY_TAXBR"
"0.20","Atrichopoda_v1.0||evm_27.model.AmTr_v1.0_scaffold00003.312","sp|Q41594|TASY_TAXBR"
"0.20","Atrichopoda_v1.0||evm_27.model.AmTr_v1.0_scaffold00043.48","sp|Q41594|TASY_TAXBR"
"0.20","Bdistachyon_v3.1||Bradi4g04987.2","sp|Q41594|TASY_TAXBR"
"0.20","Csinensis_v1.1||orange1.1g027637m","sp|Q41594|TASY_TAXBR"
"0.20","Csinensis_v1.1||orange1.1g044224m","sp|Q41594|TASY_TAXBR"
"0.20","Csinensis_v1.1||orange1.1g046913m","sp|Q41594|TASY_TAXBR"
"0.20","GWHPAOSJ012782","sp|Q41594|TASY_TAXBR"
"0.20","GWHPAOSJ016862","sp|Q41594|TASY_TAXBR"
"0.20","GWHPAOSJ019965","sp|Q41594|TASY_TAXBR"
"0.20","GWHPAOSJ022368","sp|Q41594|TASY_TAXBR"
"0.20","GWHPAOSJ022370","sp|Q41594|TASY_TAXBR"
"0.20","Gmax_Wm82.a4.v1||Glyma.07G187600.1","sp|Q41594|TASY_TAXBR"
"0.20","Gmax_Wm82.a4.v1||Glyma.07G187700.1","sp|Q41594|TASY_TAXBR"
"0.20","Gmax_Wm82.a4.v1||Glyma.12G140600.1","sp|Q41594|TASY_TAXBR"
"0.20","Gmax_Wm82.a4.v1||Glyma.12G216200.1","sp|Q41594|TASY_TAXBR"
"0.20","Mdomestica_v1.0||MDP0000274847","sp|Q41594|TASY_TAXBR"
"0.20","Mdomestica_v1.0||MDP0000316067","sp|Q41594|TASY_TAXBR"
"0.20","Mdomestica_v1.0||MDP0000400627","sp|Q41594|TASY_TAXBR"
"0.20","Mdomestica_v1.0||MDP0000543394","sp|Q41594|TASY_TAXBR"
"0.20","Mdomestica_v1.0||MDP0000562538","sp|Q41594|TASY_TAXBR"
"0.20","Mdomestica_v1.0||MDP0000651689","sp|Q41594|TASY_TAXBR"
"0.20","Mdomestica_v1.0||MDP0000726012","sp|Q41594|TASY_TAXBR"
"0.20","Osativa_v7.0||LOC_Os03g31430.1","sp|Q41594|TASY_TAXBR"
"0.20","Osativa_v7.0||LOC_Os04g01810.1","sp|Q41594|TASY_TAXBR"
"0.20","Osativa_v7.0||LOC_Os04g27070.1","sp|Q41594|TASY_TAXBR"
"0.20","Osativa_v7.0||LOC_Os04g27190.1","sp|Q41594|TASY_TAXBR"
"0.20","Osativa_v7.0||LOC_Os04g27430.1","sp|Q41594|TASY_TAXBR"
"0.20","Osativa_v7.0||LOC_Os04g27760.1","sp|Q41594|TASY_TAXBR"
"0.20","Osativa_v7.0||LOC_Os04g27790.1","sp|Q41594|TASY_TAXBR"
"0.20","PWA50581.1","sp|Q41594|TASY_TAXBR"
"0.20","PWA52712.1","sp|Q41594|TASY_TAXBR"
"0.20","PWA53056.1","sp|Q41594|TASY_TAXBR"
"0.20","PWA55055.1","sp|Q41594|TASY_TAXBR"
"0.20","PWA56513.1","sp|Q41594|TASY_TAXBR"
"0.20","PWA63650.1","sp|Q41594|TASY_TAXBR"
"0.20","PWA63741.1","sp|Q41594|TASY_TAXBR"
"0.20","PWA72461.1","sp|Q41594|TASY_TAXBR"
"0.20","PWA80585.1","sp|Q41594|TASY_TAXBR"
"0.20","PWA87284.1","sp|Q41594|TASY_TAXBR"
"0.20","Ptrichocarpa_v4.1||Potri.004G030200.1","sp|Q41594|TASY_TAXBR"
"0.20","Ptrichocarpa_v4.1||Potri.004G030400.1","sp|Q41594|TASY_TAXBR"
"0.20","Ptrichocarpa_v4.1||Potri.019G016122.1","sp|Q41594|TASY_TAXBR"
"0.20","Ptrichocarpa_v4.1||Potri.019G023000.2","sp|Q41594|TASY_TAXBR"
"0.20","Ptrichocarpa_v4.1||Potri.019G045400.2","sp|Q41594|TASY_TAXBR"
"0.20","Sbicolor_v3.1.1||Sobic.004G019400.1","sp|Q41594|TASY_TAXBR"
"0.20","Sbicolor_v3.1.1||Sobic.005G079300.1","sp|Q41594|TASY_TAXBR"
"0.20","Sbicolor_v3.1.1||Sobic.005G130100.1","sp|Q41594|TASY_TAXBR"
"0.20","Sbicolor_v3.1.1||Sobic.006G010301.1","sp|Q41594|TASY_TAXBR"
"0.20","Slycopersicum_ITAG3.2||Solyc06g060180.2.1","sp|Q41594|TASY_TAXBR"
"0.20","Slycopersicum_ITAG3.2||Solyc09g092470.2.1","sp|Q41594|TASY_TAXBR"
"0.20","Zmays_RefGen_V4||Zm00001d015053_T001","sp|Q41594|TASY_TAXBR"
"0.20","Zmays_RefGen_V4||Zm00001d024208_T001","sp|Q41594|TASY_TAXBR"
"0.20","Zmays_RefGen_V4||Zm00001d029523_T001","sp|Q41594|TASY_TAXBR"
"0.21","Athaliana_TAIR10||AT1G33750.1","sp|Q41594|TASY_TAXBR"
"0.21","Athaliana_TAIR10||AT1G70080.1","sp|Q41594|TASY_TAXBR"
"0.21","Athaliana_TAIR10||AT5G48110.1","sp|Q41594|TASY_TAXBR"
"0.21","Atrichopoda_v1.0||evm_27.model.AmTr_v1.0_scaffold00260.2","sp|Q41594|TASY_TAXBR"
"0.21","Bdistachyon_v3.1||Bradi3g35027.2","sp|Q41594|TASY_TAXBR"
"0.21","Bdistachyon_v3.1||Bradi3g60316.1","sp|Q41594|TASY_TAXBR"
"0.21","Bdistachyon_v3.1||Bradi5g01823.1","sp|Q41594|TASY_TAXBR"
"0.21","Csinensis_v1.1||orange1.1g008817m","sp|Q41594|TASY_TAXBR"
"0.21","Csinensis_v1.1||orange1.1g011444m","sp|Q41594|TASY_TAXBR"
"0.21","Csinensis_v1.1||orange1.1g040856m","sp|Q41594|TASY_TAXBR"
"0.21","GWHPAOSJ005436","sp|Q41594|TASY_TAXBR"
"0.21","GWHPAOSJ009891","sp|Q41594|TASY_TAXBR"
"0.21","GWHPAOSJ017238","sp|Q41594|TASY_TAXBR"
"0.21","GWHPAOSJ021294","sp|Q41594|TASY_TAXBR"
"0.21","Gmax_Wm82.a4.v1||Glyma.13G285200.1","sp|Q41594|TASY_TAXBR"
"0.21","Gmax_Wm82.a4.v1||Glyma.15G263332.1","sp|Q41594|TASY_TAXBR"
"0.21","Mdomestica_v1.0||MDP0000120176","sp|Q41594|TASY_TAXBR"
"0.21","Mdomestica_v1.0||MDP0000136959","sp|Q41594|TASY_TAXBR"
"0.21","Mdomestica_v1.0||MDP0000245233","sp|Q41594|TASY_TAXBR"
"0.21","Mdomestica_v1.0||MDP0000253576","sp|Q41594|TASY_TAXBR"
"0.21","Mdomestica_v1.0||MDP0000268880","sp|Q41594|TASY_TAXBR"
"0.21","Mdomestica_v1.0||MDP0000274848","sp|Q41594|TASY_TAXBR"
"0.21","Mdomestica_v1.0||MDP0000298903","sp|Q41594|TASY_TAXBR"
"0.21","Mdomestica_v1.0||MDP0000398063","sp|Q41594|TASY_TAXBR"
"0.21","Osativa_v7.0||LOC_Os02g26014.1","sp|Q41594|TASY_TAXBR"
"0.21","Osativa_v7.0||LOC_Os03g22634.1","sp|Q41594|TASY_TAXBR"
"0.21","Osativa_v7.0||LOC_Os03g24640.1","sp|Q41594|TASY_TAXBR"
"0.21","Osativa_v7.0||LOC_Os03g24680.1","sp|Q41594|TASY_TAXBR"
"0.21","Osativa_v7.0||LOC_Os03g24690.1","sp|Q41594|TASY_TAXBR"
"0.21","Osativa_v7.0||LOC_Os04g27340.1","sp|Q41594|TASY_TAXBR"
"0.21","Osativa_v7.0||LOC_Os08g07080.1","sp|Q41594|TASY_TAXBR"
"0.21","Osativa_v7.0||LOC_Os08g07100.1","sp|Q41594|TASY_TAXBR"
"0.21","Osativa_v7.0||LOC_Os08g07120.1","sp|Q41594|TASY_TAXBR"
"0.21","PWA34769.1","sp|Q41594|TASY_TAXBR"
"0.21","PWA37025.1","sp|Q41594|TASY_TAXBR"
"0.21","PWA41465.1","sp|Q41594|TASY_TAXBR"
"0.21","PWA50344.1","sp|Q41594|TASY_TAXBR"
"0.21","PWA53791.1","sp|Q41594|TASY_TAXBR"
"0.21","PWA59867.1","sp|Q41594|TASY_TAXBR"
"0.21","PWA60236.1","sp|Q41594|TASY_TAXBR"
"0.21","PWA67179.1","sp|Q41594|TASY_TAXBR"
"0.21","PWA69071.1","sp|Q41594|TASY_TAXBR"
"0.21","PWA90236.1","sp|Q41594|TASY_TAXBR"
"0.21","PWA92477.1","sp|Q41594|TASY_TAXBR"
"0.21","PWA99702.1","sp|Q41594|TASY_TAXBR"
"0.21","Ptrichocarpa_v4.1||Potri.011G032300.2","sp|Q41594|TASY_TAXBR"
"0.21","Ptrichocarpa_v4.1||Potri.019G016400.2","sp|Q41594|TASY_TAXBR"
"0.21","Ptrichocarpa_v4.1||Potri.019G016500.1","sp|Q41594|TASY_TAXBR"
"0.21","Ptrichocarpa_v4.1||Potri.019G016900.1","sp|Q41594|TASY_TAXBR"
"0.21","Ptrichocarpa_v4.1||Potri.019G023014.1","sp|Q41594|TASY_TAXBR"
"0.21","Ptrichocarpa_v4.1||Potri.019G023016.1","sp|Q41594|TASY_TAXBR"
"0.21","Ptrichocarpa_v4.1||Potri.019G046201.1","sp|Q41594|TASY_TAXBR"
"0.21","Sbicolor_v3.1.1||Sobic.001G339000.1","sp|Q41594|TASY_TAXBR"
"0.21","Sbicolor_v3.1.1||Sobic.001G363400.1","sp|Q41594|TASY_TAXBR"
"0.21","Sbicolor_v3.1.1||Sobic.006G010100.1","sp|Q41594|TASY_TAXBR"
"0.21","Sbicolor_v3.1.1||Sobic.007G034700.3","sp|Q41594|TASY_TAXBR"
"0.21","Sbicolor_v3.1.1||Sobic.007G055700.1","sp|Q41594|TASY_TAXBR"
"0.21","Sbicolor_v3.1.1||Sobic.007G133900.1","sp|Q41594|TASY_TAXBR"
"0.21","Slycopersicum_ITAG3.2||Solyc01g105960.2.1","sp|Q41594|TASY_TAXBR"
"0.21","Slycopersicum_ITAG3.2||Solyc03g007730.1.1","sp|Q41594|TASY_TAXBR"
"0.21","Slycopersicum_ITAG3.2||Solyc04g051620.2.1","sp|Q41594|TASY_TAXBR"
"0.21","Slycopersicum_ITAG3.2||Solyc10g005390.3.1","sp|Q41594|TASY_TAXBR"
"0.21","Zmays_RefGen_V4||Zm00001d004279_T001","sp|Q41594|TASY_TAXBR"
"0.21","Zmays_RefGen_V4||Zm00001d004509_T001","sp|Q41594|TASY_TAXBR"
"0.21","Zmays_RefGen_V4||Zm00001d024207_T002","sp|Q41594|TASY_TAXBR"
"0.21","Zmays_RefGen_V4||Zm00001d024210_T002","sp|Q41594|TASY_TAXBR"
"0.21","Zmays_RefGen_V4||Zm00001d024211_T001","sp|Q41594|TASY_TAXBR"
"0.21","Zmays_RefGen_V4||Zm00001d024478_T002","sp|Q41594|TASY_TAXBR"
"0.21","Zmays_RefGen_V4||Zm00001d035682_T001","sp|Q41594|TASY_TAXBR"
"0.22","Athaliana_TAIR10||AT3G14490.1","sp|Q41594|TASY_TAXBR"
"0.22","Athaliana_TAIR10||AT3G25820.1","sp|Q41594|TASY_TAXBR"
"0.22","Athaliana_TAIR10||AT3G25830.1","sp|Q41594|TASY_TAXBR"
"0.22","Athaliana_TAIR10||AT3G29410.1","sp|Q41594|TASY_TAXBR"
"0.22","Athaliana_TAIR10||AT5G23960.1","sp|Q41594|TASY_TAXBR"
"0.22","Atrichopoda_v1.0||evm_27.model.AmTr_v1.0_scaffold00169.3","sp|Q41594|TASY_TAXBR"
"0.22","Bdistachyon_v3.1||Bradi1g62538.1","sp|Q41594|TASY_TAXBR"
"0.22","Bdistachyon_v3.1||Bradi3g14710.1","sp|Q41594|TASY_TAXBR"
"0.22","Bdistachyon_v3.1||Bradi3g15947.1","sp|Q41594|TASY_TAXBR"
"0.22","Bdistachyon_v3.1||Bradi3g15952.1","sp|Q41594|TASY_TAXBR"
"0.22","Bdistachyon_v3.1||Bradi3g15956.1","sp|Q41594|TASY_TAXBR"
"0.22","Bdistachyon_v3.1||Bradi4g04965.2","sp|Q41594|TASY_TAXBR"
"0.22","Bdistachyon_v3.1||Bradi5g00970.1","sp|Q41594|TASY_TAXBR"
"0.22","Bdistachyon_v3.1||Bradi5g21383.7","sp|Q41594|TASY_TAXBR"
"0.22","Csinensis_v1.1||orange1.1g007889m","sp|Q41594|TASY_TAXBR"
"0.22","Csinensis_v1.1||orange1.1g012005m","sp|Q41594|TASY_TAXBR"
"0.22","GWHPAOSJ001362","sp|Q41594|TASY_TAXBR"
"0.22","GWHPAOSJ005415","sp|Q41594|TASY_TAXBR"
"0.22","GWHPAOSJ005435","sp|Q41594|TASY_TAXBR"
"0.22","GWHPAOSJ008559","sp|Q41594|TASY_TAXBR"
"0.22","GWHPAOSJ009890","sp|Q41594|TASY_TAXBR"
"0.22","GWHPAOSJ016156","sp|Q41594|TASY_TAXBR"
"0.22","GWHPAOSJ017243","sp|Q41594|TASY_TAXBR"
"0.22","GWHPAOSJ019967","sp|Q41594|TASY_TAXBR"
"0.22","GWHPAOSJ022365","sp|Q41594|TASY_TAXBR"
"0.22","GWHPAOSJ026614","sp|Q41594|TASY_TAXBR"
"0.22","Gmax_Wm82.a4.v1||Glyma.09G122500.1","sp|Q41594|TASY_TAXBR"
"0.22","Gmax_Wm82.a4.v1||Glyma.12G138100.1","sp|Q41594|TASY_TAXBR"
"0.22","Gmax_Wm82.a4.v1||Glyma.12G138800.4","sp|Q41594|TASY_TAXBR"
"0.22","Gmax_Wm82.a4.v1||Glyma.12G197500.1","sp|Q41594|TASY_TAXBR"
"0.22","Gmax_Wm82.a4.v1||Glyma.13G304500.1","sp|Q41594|TASY_TAXBR"
"0.22","Mdomestica_v1.0||MDP0000161084","sp|Q41594|TASY_TAXBR"
"0.22","Mdomestica_v1.0||MDP0000168577","sp|Q41594|TASY_TAXBR"
"0.22","Mdomestica_v1.0||MDP0000203143","sp|Q41594|TASY_TAXBR"
"0.22","Mdomestica_v1.0||MDP0000248152","sp|Q41594|TASY_TAXBR"
"0.22","Mdomestica_v1.0||MDP0000276976","sp|Q41594|TASY_TAXBR"
"0.22","Mdomestica_v1.0||MDP0000295452","sp|Q41594|TASY_TAXBR"
"0.22","Mdomestica_v1.0||MDP0000305417","sp|Q41594|TASY_TAXBR"
"0.22","Mdomestica_v1.0||MDP0000308115","sp|Q41594|TASY_TAXBR"
"0.22","Mdomestica_v1.0||MDP0000670935","sp|Q41594|TASY_TAXBR"
"0.22","Osativa_v7.0||LOC_Os01g23530.1","sp|Q41594|TASY_TAXBR"
"0.22","Osativa_v7.0||LOC_Os04g27400.1","sp|Q41594|TASY_TAXBR"
"0.22","Osativa_v7.0||LOC_Os07g11790.1","sp|Q41594|TASY_TAXBR"
"0.22","PWA32309.1","sp|Q41594|TASY_TAXBR"
"0.22","PWA35399.1","sp|Q41594|TASY_TAXBR"
"0.22","PWA38444.1","sp|Q41594|TASY_TAXBR"
"0.22","PWA38992.1","sp|Q41594|TASY_TAXBR"
"0.22","PWA42522.1","sp|Q41594|TASY_TAXBR"
"0.22","PWA48096.1","sp|Q41594|TASY_TAXBR"
"0.22","PWA48097.1","sp|Q41594|TASY_TAXBR"
"0.22","PWA48135.1","sp|Q41594|TASY_TAXBR"
"0.22","PWA48284.1","sp|Q41594|TASY_TAXBR"
"0.22","PWA48782.1","sp|Q41594|TASY_TAXBR"
"0.22","PWA50687.1","sp|Q41594|TASY_TAXBR"
"0.22","PWA52003.1","sp|Q41594|TASY_TAXBR"
"0.22","PWA53960.1","sp|Q41594|TASY_TAXBR"
"0.22","PWA56512.1","sp|Q41594|TASY_TAXBR"
"0.22","PWA60940.1","sp|Q41594|TASY_TAXBR"
"0.22","PWA64702.1","sp|Q41594|TASY_TAXBR"
"0.22","PWA68010.1","sp|Q41594|TASY_TAXBR"
"0.22","PWA69602.1","sp|Q41594|TASY_TAXBR"
"0.22","PWA72532.1","sp|Q41594|TASY_TAXBR"
"0.22","PWA73563.1","sp|Q41594|TASY_TAXBR"
"0.22","PWA76479.1","sp|Q41594|TASY_TAXBR"
"0.22","PWA76615.1","sp|Q41594|TASY_TAXBR"
"0.22","PWA79156.1","sp|Q41594|TASY_TAXBR"
"0.22","PWA79668.1","sp|Q41594|TASY_TAXBR"
"0.22","PWA81675.1","sp|Q41594|TASY_TAXBR"
"0.22","PWA83847.1","sp|Q41594|TASY_TAXBR"
"0.22","PWA85510.1","sp|Q41594|TASY_TAXBR"
"0.22","PWA87186.1","sp|Q41594|TASY_TAXBR"
"0.22","PWA90968.1","sp|Q41594|TASY_TAXBR"
"0.22","PWA96917.1","sp|Q41594|TASY_TAXBR"
"0.22","Ptrichocarpa_v4.1||Potri.005G095500.1","sp|Q41594|TASY_TAXBR"
"0.22","Ptrichocarpa_v4.1||Potri.011G142800.1","sp|Q41594|TASY_TAXBR"
"0.22","Ptrichocarpa_v4.1||Potri.019G016700.2","sp|Q41594|TASY_TAXBR"
"0.22","Ptrichocarpa_v4.1||Potri.019G020367.1","sp|Q41594|TASY_TAXBR"
"0.22","Ptrichocarpa_v4.1||Potri.019G023004.1","sp|Q41594|TASY_TAXBR"
"0.22","Ptrichocarpa_v4.1||Potri.019G023020.1","sp|Q41594|TASY_TAXBR"
"0.22","Ptrichocarpa_v4.1||Potri.019G045100.1","sp|Q41594|TASY_TAXBR"
"0.22","Sbicolor_v3.1.1||Sobic.001G173000.1","sp|Q41594|TASY_TAXBR"
"0.22","Sbicolor_v3.1.1||Sobic.002G002300.1","sp|Q41594|TASY_TAXBR"
"0.22","Sbicolor_v3.1.1||Sobic.006G027500.2","sp|Q41594|TASY_TAXBR"
"0.22","Sbicolor_v3.1.1||Sobic.006G211400.1","sp|Q41594|TASY_TAXBR"
"0.22","Sbicolor_v3.1.1||Sobic.007G055500.1","sp|Q41594|TASY_TAXBR"
"0.22","Sbicolor_v3.1.1||Sobic.007G055600.1","sp|Q41594|TASY_TAXBR"
"0.22","Sbicolor_v3.1.1||Sobic.007G064800.1","sp|Q41594|TASY_TAXBR"
"0.22","Sbicolor_v3.1.1||Sobic.009G009000.1","sp|Q41594|TASY_TAXBR"
"0.22","Slycopersicum_ITAG3.2||Solyc01g101170.3.1","sp|Q41594|TASY_TAXBR"
"0.22","Slycopersicum_ITAG3.2||Solyc01g101180.3.1","sp|Q41594|TASY_TAXBR"
"0.22","Slycopersicum_ITAG3.2||Solyc01g101190.3.1","sp|Q41594|TASY_TAXBR"
"0.22","Slycopersicum_ITAG3.2||Solyc01g101210.4.1","sp|Q41594|TASY_TAXBR"
"0.22","Slycopersicum_ITAG3.2||Solyc01g105900.2.1","sp|Q41594|TASY_TAXBR"
"0.22","Slycopersicum_ITAG3.2||Solyc02g079890.2.1","sp|Q41594|TASY_TAXBR"
"0.22","Slycopersicum_ITAG3.2||Solyc06g059885.1.1","sp|Q41594|TASY_TAXBR"
"0.22","Smoellendorffii_v1.0||77019","sp|Q41594|TASY_TAXBR"
"0.22","Spolyrhiza_v2||Spipo0G0064100","sp|Q41594|TASY_TAXBR"
"0.22","Spolyrhiza_v2||Spipo7G0005600","sp|Q41594|TASY_TAXBR"
"0.22","Zmays_RefGen_V4||Zm00001d002351_T001","sp|Q41594|TASY_TAXBR"
"0.22","Zmays_RefGen_V4||Zm00001d004484_T001","sp|Q41594|TASY_TAXBR"
"0.22","Zmays_RefGen_V4||Zm00001d018611_T001","sp|Q41594|TASY_TAXBR"
"0.22","Zmays_RefGen_V4||Zm00001d024481_T001","sp|Q41594|TASY_TAXBR"
"0.22","Zmays_RefGen_V4||Zm00001d024486_T001","sp|Q41594|TASY_TAXBR"
"0.22","Zmays_RefGen_V4||Zm00001d029139_T001","sp|Q41594|TASY_TAXBR"
"0.22","Zmays_RefGen_V4||Zm00001d029195_T001","sp|Q41594|TASY_TAXBR"
"0.22","Zmays_RefGen_V4||Zm00001d045054_T001","sp|Q41594|TASY_TAXBR"
"0.23","Athaliana_TAIR10||AT2G24210.1","sp|Q41594|TASY_TAXBR"
"0.23","Athaliana_TAIR10||AT3G25810.1","sp|Q41594|TASY_TAXBR"
"0.23","Athaliana_TAIR10||AT4G16740.1","sp|Q41594|TASY_TAXBR"
"0.23","Atrichopoda_v1.0||evm_27.model.AmTr_v1.0_scaffold00007.401","sp|Q41594|TASY_TAXBR"
"0.23","Atrichopoda_v1.0||evm_27.model.AmTr_v1.0_scaffold00032.237","sp|Q41594|TASY_TAXBR"
"0.23","Atrichopoda_v1.0||evm_27.model.AmTr_v1.0_scaffold00043.45","sp|Q41594|TASY_TAXBR"
"0.23","Atrichopoda_v1.0||evm_27.model.AmTr_v1.0_scaffold00043.50","sp|Q41594|TASY_TAXBR"
"0.23","Bdistachyon_v3.1||Bradi1g59690.1","sp|Q41594|TASY_TAXBR"
"0.23","Bdistachyon_v3.1||Bradi2g08220.3","sp|Q41594|TASY_TAXBR"
"0.23","Csinensis_v1.1||orange1.1g008620m","sp|Q41594|TASY_TAXBR"
"0.23","Csinensis_v1.1||orange1.1g008767m","sp|Q41594|TASY_TAXBR"
"0.23","Csinensis_v1.1||orange1.1g014206m","sp|Q41594|TASY_TAXBR"
"0.23","Csinensis_v1.1||orange1.1g039366m","sp|Q41594|TASY_TAXBR"
"0.23","Csinensis_v1.1||orange1.1g041926m","sp|Q41594|TASY_TAXBR"
"0.23","Csinensis_v1.1||orange1.1g044890m","sp|Q41594|TASY_TAXBR"
"0.23","Csinensis_v1.1||orange1.1g047877m","sp|Q41594|TASY_TAXBR"
"0.23","GWHPAOSJ002265","sp|Q41594|TASY_TAXBR"
"0.23","GWHPAOSJ005417","sp|Q41594|TASY_TAXBR"
"0.23","GWHPAOSJ006002","sp|Q41594|TASY_TAXBR"
"0.23","GWHPAOSJ006765","sp|Q41594|TASY_TAXBR"
"0.23","GWHPAOSJ014700","sp|Q41594|TASY_TAXBR"
"0.23","GWHPAOSJ016120","sp|Q41594|TASY_TAXBR"
"0.23","GWHPAOSJ017236","sp|Q41594|TASY_TAXBR"
"0.23","GWHPAOSJ017244","sp|Q41594|TASY_TAXBR"
"0.23","GWHPAOSJ019968","sp|Q41594|TASY_TAXBR"
"0.23","GWHPAOSJ020023","sp|Q41594|TASY_TAXBR"
"0.23","GWHPAOSJ020629","sp|Q41594|TASY_TAXBR"
"0.23","GWHPAOSJ020631","sp|Q41594|TASY_TAXBR"
"0.23","GWHPAOSJ020632","sp|Q41594|TASY_TAXBR"
"0.23","GWHPAOSJ022675","sp|Q41594|TASY_TAXBR"
"0.23","GWHPAOSJ027255","sp|Q41594|TASY_TAXBR"
"0.23","Gmax_Wm82.a4.v1||Glyma.12G197400.1","sp|Q41594|TASY_TAXBR"
"0.23","Gmax_Wm82.a4.v1||Glyma.13G304700.1","sp|Q41594|TASY_TAXBR"
"0.23","Gmax_Wm82.a4.v1||Glyma.13G321100.1","sp|Q41594|TASY_TAXBR"
"0.23","Mdomestica_v1.0||MDP0000130635","sp|Q41594|TASY_TAXBR"
"0.23","Mdomestica_v1.0||MDP0000205617","sp|Q41594|TASY_TAXBR"
"0.23","Mdomestica_v1.0||MDP0000317119","sp|Q41594|TASY_TAXBR"
"0.23","Mdomestica_v1.0||MDP0000702120","sp|Q41594|TASY_TAXBR"
"0.23","Osativa_v7.0||LOC_Os03g24760.1","sp|Q41594|TASY_TAXBR"
"0.23","Osativa_v7.0||LOC_Os08g04500.1","sp|Q41594|TASY_TAXBR"
"0.23","PWA35421.1","sp|Q41594|TASY_TAXBR"
"0.23","PWA36752.1","sp|Q41594|TASY_TAXBR"
"0.23","PWA38292.1","sp|Q41594|TASY_TAXBR"
"0.23","PWA40196.1","sp|Q41594|TASY_TAXBR"
"0.23","PWA41220.1","sp|Q41594|TASY_TAXBR"
"0.23","PWA41248.1","sp|Q41594|TASY_TAXBR"
"0.23","PWA44088.1","sp|Q41594|TASY_TAXBR"
"0.23","PWA46721.1","sp|Q41594|TASY_TAXBR"
"0.23","PWA51042.1","sp|Q41594|TASY_TAXBR"
"0.23","PWA53375.1","sp|Q41594|TASY_TAXBR"
"0.23","PWA57537.1","sp|Q41594|TASY_TAXBR"
"0.23","PWA58326.1","sp|Q41594|TASY_TAXBR"
"0.23","PWA68009.1","sp|Q41594|TASY_TAXBR"
"0.23","PWA75732.1","sp|Q41594|TASY_TAXBR"
"0.23","PWA82976.1","sp|Q41594|TASY_TAXBR"
"0.23","PWA83844.1","sp|Q41594|TASY_TAXBR"
"0.23","PWA83975.1","sp|Q41594|TASY_TAXBR"
"0.23","PWA85324.1","sp|Q41594|TASY_TAXBR"
"0.23","PWA85509.1","sp|Q41594|TASY_TAXBR"
"0.23","PWA93667.1","sp|Q41594|TASY_TAXBR"
"0.23","PWA93669.1","sp|Q41594|TASY_TAXBR"
"0.23","PWA94460.1","sp|Q41594|TASY_TAXBR"
"0.23","PWA94461.1","sp|Q41594|TASY_TAXBR"
"0.23","Ptrichocarpa_v4.1||Potri.007G074400.1","sp|Q41594|TASY_TAXBR"
"0.23","Ptrichocarpa_v4.1||Potri.011G031800.2","sp|Q41594|TASY_TAXBR"
"0.23","Ptrichocarpa_v4.1||Potri.017G041700.7","sp|Q41594|TASY_TAXBR"
"0.23","Sbicolor_v3.1.1||Sobic.001G373300.1","sp|Q41594|TASY_TAXBR"
"0.23","Sbicolor_v3.1.1||Sobic.001G415100.1","sp|Q41594|TASY_TAXBR"
"0.23","Sbicolor_v3.1.1||Sobic.002G065600.2","sp|Q41594|TASY_TAXBR"
"0.23","Sbicolor_v3.1.1||Sobic.004G153900.2","sp|Q41594|TASY_TAXBR"
"0.23","Sbicolor_v3.1.1||Sobic.006G247500.2","sp|Q41594|TASY_TAXBR"
"0.23","Sbicolor_v3.1.1||Sobic.007G035800.1","sp|Q41594|TASY_TAXBR"
"0.23","Sbicolor_v3.1.1||Sobic.007G055800.1","sp|Q41594|TASY_TAXBR"
"0.23","Sbicolor_v3.1.1||Sobic.007G187100.1","sp|Q41594|TASY_TAXBR"
"0.23","Sbicolor_v3.1.1||Sobic.009G009200.1","sp|Q41594|TASY_TAXBR"
"0.23","Sbicolor_v3.1.1||Sobic.009G009300.1","sp|Q41594|TASY_TAXBR"
"0.23","Slycopersicum_ITAG3.2||Solyc01g105850.3.1","sp|Q41594|TASY_TAXBR"
"0.23","Slycopersicum_ITAG3.2||Solyc01g105880.4.1","sp|Q41594|TASY_TAXBR"
"0.23","Slycopersicum_ITAG3.2||Solyc01g105920.3.1","sp|Q41594|TASY_TAXBR"
"0.23","Slycopersicum_ITAG3.2||Solyc04g054380.1.1","sp|Q41594|TASY_TAXBR"
"0.23","Slycopersicum_ITAG3.2||Solyc07g008690.3.1","sp|Q41594|TASY_TAXBR"
"0.23","Slycopersicum_ITAG3.2||Solyc07g051940.3.1","sp|Q41594|TASY_TAXBR"
"0.23","Slycopersicum_ITAG3.2||Solyc12g006570.2.1","sp|Q41594|TASY_TAXBR"
"0.23","Spolyrhiza_v2||Spipo1G0017700","sp|Q41594|TASY_TAXBR"
"0.23","Spolyrhiza_v2||Spipo7G0006200","sp|Q41594|TASY_TAXBR"
"0.23","Taxus_chinensis||evm2.model.Chr04.878","sp|Q41594|TASY_TAXBR"
"0.23","Taxus_chinensis||evm2.model.unplaceContig_3461.1","sp|Q41594|TASY_TAXBR"
"0.23","Zmays_RefGen_V4||Zm00001d024477_T001","sp|Q41594|TASY_TAXBR"
"0.23","Zmays_RefGen_V4||Zm00001d037092_T001","sp|Q41594|TASY_TAXBR"
"0.24","Athaliana_TAIR10||AT4G16730.1","sp|Q41594|TASY_TAXBR"
"0.24","Atrichopoda_v1.0||evm_27.model.AmTr_v1.0_scaffold00003.311","sp|Q41594|TASY_TAXBR"
"0.24","Atrichopoda_v1.0||evm_27.model.AmTr_v1.0_scaffold00032.221","sp|Q41594|TASY_TAXBR"
"0.24","Atrichopoda_v1.0||evm_27.model.AmTr_v1.0_scaffold00066.146","sp|Q41594|TASY_TAXBR"
"0.24","Csinensis_v1.1||orange1.1g006994m","sp|Q41594|TASY_TAXBR"
"0.24","Csinensis_v1.1||orange1.1g035568m","sp|Q41594|TASY_TAXBR"
"0.24","Csinensis_v1.1||orange1.1g044370m","sp|Q41594|TASY_TAXBR"
"0.24","GWHPAOSJ001361","sp|Q41594|TASY_TAXBR"
"0.24","GWHPAOSJ019969","sp|Q41594|TASY_TAXBR"
"0.24","GWHPAOSJ020021","sp|Q41594|TASY_TAXBR"
"0.24","GWHPAOSJ020022","sp|Q41594|TASY_TAXBR"
"0.24","GWHPAOSJ020024","sp|Q41594|TASY_TAXBR"
"0.24","GWHPAOSJ021292","sp|Q41594|TASY_TAXBR"
"0.24","Gmax_Wm82.a4.v1||Glyma.20G074400.1","sp|Q41594|TASY_TAXBR"
"0.24","Mdomestica_v1.0||MDP0000321353","sp|Q41594|TASY_TAXBR"
"0.24","Mdomestica_v1.0||MDP0000322688","sp|Q41594|TASY_TAXBR"
"0.24","PWA37275.1","sp|Q41594|TASY_TAXBR"
"0.24","PWA37280.1","sp|Q41594|TASY_TAXBR"
"0.24","PWA51422.1","sp|Q41594|TASY_TAXBR"
"0.24","PWA70010.1","sp|Q41594|TASY_TAXBR"
"0.24","PWA72410.1","sp|Q41594|TASY_TAXBR"
"0.24","PWA74740.1","sp|Q41594|TASY_TAXBR"
"0.24","Ptrichocarpa_v4.1||Potri.001G308200.1","sp|Q41594|TASY_TAXBR"
"0.24","Ptrichocarpa_v4.1||Potri.001G308300.1","sp|Q41594|TASY_TAXBR"
"0.24","Ptrichocarpa_v4.1||Potri.007G074466.1","sp|Q41594|TASY_TAXBR"
"0.24","Ptrichocarpa_v4.1||Potri.007G119700.3","sp|Q41594|TASY_TAXBR"
"0.24","Ptrichocarpa_v4.1||Potri.015G085500.1","sp|Q41594|TASY_TAXBR"
"0.24","Ptrichocarpa_v4.1||Potri.019G022338.1","sp|Q41594|TASY_TAXBR"
"0.24","Ptrichocarpa_v4.1||Potri.019G023006.1","sp|Q41594|TASY_TAXBR"
"0.24","Sbicolor_v3.1.1||Sobic.003G368600.2","sp|Q41594|TASY_TAXBR"
"0.24","Slycopersicum_ITAG3.2||Solyc01g105870.3.1","sp|Q41594|TASY_TAXBR"
"0.24","Slycopersicum_ITAG3.2||Solyc01g105890.3.1","sp|Q41594|TASY_TAXBR"
"0.24","Slycopersicum_ITAG3.2||Solyc01g105940.3.1","sp|Q41594|TASY_TAXBR"
"0.24","Slycopersicum_ITAG3.2||Solyc07g066675.1.1","sp|Q41594|TASY_TAXBR"
"0.24","Taxus_chinensis||evm2.model.Chr03.2631","sp|Q41594|TASY_TAXBR"
"0.24","Taxus_chinensis||evm2.model.Chr04.1946","sp|Q41594|TASY_TAXBR"
"0.24","Zmays_RefGen_V4||Zm00001d024514_T001","sp|Q41594|TASY_TAXBR"
"0.25","Atrichopoda_v1.0||evm_27.model.AmTr_v1.0_scaffold00032.223","sp|Q41594|TASY_TAXBR"
"0.25","Atrichopoda_v1.0||evm_27.model.AmTr_v1.0_scaffold00066.195","sp|Q41594|TASY_TAXBR"
"0.25","Bdistachyon_v3.1||Bradi5g21480.1","sp|Q41594|TASY_TAXBR"
"0.25","Csinensis_v1.1||orange1.1g008206m","sp|Q41594|TASY_TAXBR"
"0.25","GWHPAOSJ021291","sp|Q41594|TASY_TAXBR"
"0.25","Gmax_Wm82.a4.v1||Glyma.06G302200.1","sp|Q41594|TASY_TAXBR"
"0.25","Gmax_Wm82.a4.v1||Glyma.12G102000.1","sp|Q41594|TASY_TAXBR"
"0.25","Mdomestica_v1.0||MDP0000192151","sp|Q41594|TASY_TAXBR"
"0.25","Mdomestica_v1.0||MDP0000297049","sp|Q41594|TASY_TAXBR"
"0.25","Osativa_v7.0||LOC_Os02g36220.1","sp|Q41594|TASY_TAXBR"
"0.25","Osativa_v7.0||LOC_Os04g52240.1","sp|Q41594|TASY_TAXBR"
"0.25","Osativa_v7.0||LOC_Os11g28530.2","sp|Q41594|TASY_TAXBR"
"0.25","PWA75611.1","sp|Q41594|TASY_TAXBR"
"0.25","Ptrichocarpa_v4.1||Potri.007G118600.1","sp|Q41594|TASY_TAXBR"
"0.25","Ptrichocarpa_v4.1||Potri.015G032100.3","sp|Q41594|TASY_TAXBR"
"0.25","Ptrichocarpa_v4.1||Potri.019G023008.1","sp|Q41594|TASY_TAXBR"
"0.25","Sbicolor_v3.1.1||Sobic.005G161600.1","sp|Q41594|TASY_TAXBR"
"0.25","Slycopersicum_ITAG3.2||Solyc02g079840.2.1","sp|Q41594|TASY_TAXBR"
"0.25","Slycopersicum_ITAG3.2||Solyc03g006550.3.1","sp|Q41594|TASY_TAXBR"
"0.25","Taxus_chinensis||evm2.model.unplaceContig_857.1","sp|Q41594|TASY_TAXBR"
"0.25","Zmays_RefGen_V4||Zm00001d049957_T001","sp|Q41594|TASY_TAXBR"
"0.26","Atrichopoda_v1.0||evm_27.model.AmTr_v1.0_scaffold00007.400","sp|Q41594|TASY_TAXBR"
"0.26","Csinensis_v1.1||orange1.1g008427m","sp|Q41594|TASY_TAXBR"
"0.26","Csinensis_v1.1||orange1.1g039084m","sp|Q41594|TASY_TAXBR"
"0.26","GWHPAOSJ021192","sp|Q41594|TASY_TAXBR"
"0.26","Mdomestica_v1.0||MDP0000192374","sp|Q41594|TASY_TAXBR"
"0.26","Osativa_v7.0||LOC_Os02g36140.2","sp|Q41594|TASY_TAXBR"
"0.26","Osativa_v7.0||LOC_Os02g36264.1","sp|Q41594|TASY_TAXBR"
"0.26","Osativa_v7.0||LOC_Os12g30824.1","sp|Q41594|TASY_TAXBR"
"0.26","PWA94009.1","sp|Q41594|TASY_TAXBR"
"0.26","Ptrichocarpa_v4.1||Potri.004G037900.1","sp|Q41594|TASY_TAXBR"
"0.26","Slycopersicum_ITAG3.2||Solyc08g005640.3.1","sp|Q41594|TASY_TAXBR"
"0.26","Smoellendorffii_v1.0||403764","sp|Q41594|TASY_TAXBR"
"0.26","Spolyrhiza_v2||Spipo7G0026600","sp|Q41594|TASY_TAXBR"
"0.26","Taxus_chinensis||evm2.model.Chr03.2627","sp|Q41594|TASY_TAXBR"
"0.26","Taxus_chinensis||evm2.model.Chr06.2780","sp|Q41594|TASY_TAXBR"
"0.26","Zmays_RefGen_V4||Zm00001d032858_T001","sp|Q41594|TASY_TAXBR"
"0.26","Zmays_RefGen_V4||Zm00001d041082_T001","sp|Q41594|TASY_TAXBR"
"0.27","Athaliana_TAIR10||AT1G61120.1","sp|Q41594|TASY_TAXBR"
"0.27","Bdistachyon_v3.1||Bradi5g21440.6","sp|Q41594|TASY_TAXBR"
"0.27","Bdistachyon_v3.1||Bradi5g21497.2","sp|Q41594|TASY_TAXBR"
"0.27","GWHPAOSJ003287","sp|Q41594|TASY_TAXBR"
"0.27","Osativa_v7.0||LOC_Os02g36210.1","sp|Q41594|TASY_TAXBR"
"0.27","Osativa_v7.0||LOC_Os04g10060.1","sp|Q41594|TASY_TAXBR"
"0.27","Osativa_v7.0||LOC_Os04g52210.1","sp|Q41594|TASY_TAXBR"
"0.27","Osativa_v7.0||LOC_Os04g52230.1","sp|Q41594|TASY_TAXBR"
"0.27","Osativa_v7.0||LOC_Os09g15050.1","sp|Q41594|TASY_TAXBR"
"0.27","Sbicolor_v3.1.1||Sobic.006G211500.1","sp|Q41594|TASY_TAXBR"
"0.27","Smoellendorffii_v1.0||403761","sp|Q41594|TASY_TAXBR"
"0.27","Taxus_chinensis||evm2.model.Chr05.591","sp|Q41594|TASY_TAXBR"
"0.27","Zmays_RefGen_V4||Zm00001d002349_T001","sp|Q41594|TASY_TAXBR"
"0.28","Bdistachyon_v3.1||Bradi5g21387.1","sp|Q41594|TASY_TAXBR"
"0.28","GWHPAOSJ003284","sp|Q41594|TASY_TAXBR"
"0.28","GWHPAOSJ021553","sp|Q41594|TASY_TAXBR"
"0.28","Osativa_v7.0||LOC_Os04g09900.1","sp|Q41594|TASY_TAXBR"
"0.28","PWA75612.1","sp|Q41594|TASY_TAXBR"
"0.28","Smoellendorffii_v1.0||406214","sp|Q41594|TASY_TAXBR"
"0.28","Spolyrhiza_v2||Spipo2G0068100","sp|Q41594|TASY_TAXBR"
"0.28","Spolyrhiza_v2||Spipo5G0016300","sp|Q41594|TASY_TAXBR"
"0.28","Taxus_chinensis||evm2.model.Chr04.747","sp|Q41594|TASY_TAXBR"
"0.28","Taxus_chinensis||evm2.model.Chr08.648","sp|Q41594|TASY_TAXBR"
"0.28","Taxus_chinensis||evm2.model.Chr09.571","sp|Q41594|TASY_TAXBR"
"0.28","Zmays_RefGen_V4||Zm00001d024512_T007","sp|Q41594|TASY_TAXBR"
"0.29","Csinensis_v1.1||orange1.1g004193m","sp|Q41594|TASY_TAXBR"
"0.29","GWHPAOSJ004625","sp|Q41594|TASY_TAXBR"
"0.29","GWHPAOSJ006814","sp|Q41594|TASY_TAXBR"
"0.29","Gmax_Wm82.a4.v1||Glyma.03G154400.1","sp|Q41594|TASY_TAXBR"
"0.29","Mdomestica_v1.0||MDP0000138294","sp|Q41594|TASY_TAXBR"
"0.29","Mdomestica_v1.0||MDP0000318427","sp|Q41594|TASY_TAXBR"
"0.29","Mdomestica_v1.0||MDP0000828007","sp|Q41594|TASY_TAXBR"
"0.29","Ptrichocarpa_v4.1||Potri.008G082400.1","sp|Q41594|TASY_TAXBR"
"0.29","Ptrichocarpa_v4.1||Potri.008G082700.1","sp|Q41594|TASY_TAXBR"
"0.29","Sbicolor_v3.1.1||Sobic.005G161200.1","sp|Q41594|TASY_TAXBR"
"0.29","Taxus_chinensis||evm2.model.Chr06.2773","sp|Q41594|TASY_TAXBR"
"0.29","Taxus_chinensis||evm2.model.Chr06.2775","sp|Q41594|TASY_TAXBR"
"0.29","Zmays_RefGen_V4||Zm00001d029648_T001","sp|Q41594|TASY_TAXBR"
"0.29","Zmays_RefGen_V4||Zm00001d032961_T003","sp|Q41594|TASY_TAXBR"
"0.29","Zmays_RefGen_V4||Zm00001d048874_T001","sp|Q41594|TASY_TAXBR"
"0.30","Athaliana_TAIR10||AT1G79460.1","sp|Q41594|TASY_TAXBR"
"0.30","Atrichopoda_v1.0||evm_27.model.AmTr_v1.0_scaffold00032.208","sp|Q41594|TASY_TAXBR"
"0.30","Atrichopoda_v1.0||evm_27.model.AmTr_v1.0_scaffold00103.20","sp|Q41594|TASY_TAXBR"
"0.30","GWHPAOSJ007886","sp|Q41594|TASY_TAXBR"
"0.30","Gmax_Wm82.a4.v1||Glyma.08G163900.1","sp|Q41594|TASY_TAXBR"
"0.30","Mdomestica_v1.0||MDP0000147908","sp|Q41594|TASY_TAXBR"
"0.30","Sbicolor_v3.1.1||Sobic.001G248600.1","sp|Q41594|TASY_TAXBR"
"0.30","Slycopersicum_ITAG3.2||Solyc06g084240.2.1","sp|Q41594|TASY_TAXBR"
"0.30","Slycopersicum_ITAG3.2||Solyc08g005720.3.1","sp|Q41594|TASY_TAXBR"
"0.30","Taxus_chinensis||evm2.model.Chr09.544","sp|Q41594|TASY_TAXBR"
"0.30","Taxus_chinensis||evm2.model.Chr11.2551","sp|Q41594|TASY_TAXBR"
"0.31","Athaliana_TAIR10||AT4G02780.1","sp|Q41594|TASY_TAXBR"
"0.31","Atrichopoda_v1.0||evm_27.model.AmTr_v1.0_scaffold00011.118","sp|Q41594|TASY_TAXBR"
"0.31","Bdistachyon_v3.1||Bradi2g33686.4","sp|Q41594|TASY_TAXBR"
"0.31","Csinensis_v1.1||orange1.1g003417m","sp|Q41594|TASY_TAXBR"
"0.31","Gmax_Wm82.a4.v1||Glyma.03G154700.1","sp|Q41594|TASY_TAXBR"
"0.31","Gmax_Wm82.a4.v1||Glyma.19G157000.1","sp|Q41594|TASY_TAXBR"
"0.31","Osativa_v7.0||LOC_Os02g17780.1","sp|Q41594|TASY_TAXBR"
"0.31","PWA86237.1","sp|Q41594|TASY_TAXBR"
"0.31","Ptrichocarpa_v4.1||Potri.002G052100.2","sp|Q41594|TASY_TAXBR"
"0.31","Ptrichocarpa_v4.1||Potri.005G210300.2","sp|Q41594|TASY_TAXBR"
"0.31","Slycopersicum_ITAG3.2||Solyc08g005710.3.1","sp|Q41594|TASY_TAXBR"
"0.31","Spolyrhiza_v2||Spipo2G0068800","sp|Q41594|TASY_TAXBR"
"0.31","Taxus_chinensis||evm2.model.Chr09.567","sp|Q41594|TASY_TAXBR"
"0.31","Taxus_chinensis||evm2.model.Chr09.896","sp|Q41594|TASY_TAXBR"
"0.31","Taxus_chinensis||evm2.model.unplaceContig_1438.1","sp|Q41594|TASY_TAXBR"
"0.31","Taxus_chinensis||evm2.model.unplaceContig_397.2","sp|Q41594|TASY_TAXBR"
"0.32","Taxus_chinensis||evm2.model.Chr03.2653","sp|Q41594|TASY_TAXBR"
"0.32","Taxus_chinensis||evm2.model.Chr08.646","sp|Q41594|TASY_TAXBR"
"0.32","Taxus_chinensis||evm2.model.Chr09.891","sp|Q41594|TASY_TAXBR"
"0.33","Smoellendorffii_v1.0||163980","sp|Q41594|TASY_TAXBR"
"0.34","Smoellendorffii_v1.0||124329","sp|Q41594|TASY_TAXBR"
"0.34","Taxus_chinensis||evm2.model.Chr05.587","sp|Q41594|TASY_TAXBR"
"0.34","Taxus_chinensis||evm2.model.Chr09.565","sp|Q41594|TASY_TAXBR"
"0.35","Taxus_chinensis||evm2.model.Chr03.2652","sp|Q41594|TASY_TAXBR"
"0.36","Smoellendorffii_v1.0||112927","sp|Q41594|TASY_TAXBR"
"0.36","Sphagnum_fallax||Sphfalx03G011900.1","sp|Q41594|TASY_TAXBR"
"0.36","Sphagnum_fallax||Sphfalx03G013700.1","sp|Q41594|TASY_TAXBR"
"0.36","Sphagnum_fallax||Sphfalx03G014700.1","sp|Q41594|TASY_TAXBR"
"0.36","Sphagnum_fallax||Sphfalx03G016600.1","sp|Q41594|TASY_TAXBR"
"0.36","Taxus_chinensis||evm2.model.Chr09.564","sp|Q41594|TASY_TAXBR"
"0.36","Taxus_chinensis||evm2.model.Chr11.756","sp|Q41594|TASY_TAXBR"
"0.37","Taxus_chinensis||evm2.model.Chr03.2841","sp|Q41594|TASY_TAXBR"
"0.37","Taxus_chinensis||evm2.model.Chr05.592","sp|Q41594|TASY_TAXBR"
"0.38","Sphagnum_fallax||Sphfalx03G057700.1","sp|Q41594|TASY_TAXBR"
"0.38","Taxus_chinensis||evm2.model.Chr09.573","sp|Q41594|TASY_TAXBR"
"0.39","Taxus_chinensis||evm2.model.Chr05.584","sp|Q41594|TASY_TAXBR"
"0.39","Taxus_chinensis||evm2.model.Chr08.1475","sp|Q41594|TASY_TAXBR"
"0.41","Taxus_chinensis||evm2.model.Chr03.2840","sp|Q41594|TASY_TAXBR"
"0.43","Taxus_chinensis||evm2.model.Chr06.1041","sp|Q41594|TASY_TAXBR"
"0.44","Taxus_chinensis||evm2.model.Chr06.1028","sp|Q41594|TASY_TAXBR"
"0.45","Taxus_chinensis||evm2.model.Chr06.1027","sp|Q41594|TASY_TAXBR"
"0.82","Taxus_chinensis||evm2.model.Chr09.377","sp|Q41594|TASY_TAXBR"
"0.84","Taxus_chinensis||evm2.model.Chr09.378","sp|Q41594|TASY_TAXBR"
"0.85","Taxus_chinensis||evm2.model.unplaceContig_980.1","sp|Q41594|TASY_TAXBR"
"0.98","Taxus_chinensis||evm2.model.Chr09.416","sp|Q41594|TASY_TAXBR"
